function_id;module;function_name;source_info;time_p;time_s;time_s_min;time_s_avg;time_s_max;cov_deviation;time_deviation;nb_threads;cats;label_name;flops;
0;Unknown module;unknown_function;;92.18;12.49;;;;;;;"0,0,0,0,0,0,0,0,0,100";Unknown function;;
214;libc.so.6;random;;4.98;0.67;;;;;;;"0,0,0,0,0,0,0,0,0,100";random;;
-1;libc.so.6;unknown_function;;1.48;0.2;;;;;;;"0,0,0,0,100,0,0,0,0,0";Unknown function;;
218;libc.so.6;random_r;;1;0.14;;;;;;;"0,0,0,0,0,0,0,0,0,100";random_r;;
209;libc.so.6;rand;;0.37;0.05;;;;;;;"0,0,0,0,0,0,0,0,0,100";rand;;
