{
  "content": {
    "proc_name"          : "Core_i7X_Xeon_36x_56x",
    "hostname"           : "6b4e9423a5b1",
    "architecture_code"  : "2",
    "uarchitecture_code" : "9",
    "architecture"       : "x86_64",
    "uarchitecture"      : "WESTMERE",
    "max_frequency"          : "0",
    "cur_frequency"      : "0",
    "driver_frequency"   : "NA",
    "scaling_governor"   : "NA",
    "huge_pages"         : "always",
    "os_version"         : "Linux 6.10.14-linuxkit #1 SMP Fri Nov 29 17:22:03 UTC 2024",
  }
}
