type;run;usage;path;option;
meta;;report_type;monorun;
meta;0;run_name;run_0;
virtual;0;executable;./measure;
file;0;expert_run;/my_folder/demo/maqao_c/demo/maqao_2025-02-20_12-10-27/shared/run_0/expert_run.csv;
file;0;config;/my_folder/demo/maqao_c/demo/maqao_2025-02-20_12-10-27/shared/run_0/config.json;
file;0;localvars;/my_folder/demo/maqao_c/demo/maqao_2025-02-20_12-10-27/shared/run_0/local_vars.csv;
dir;0;lprof_dir;/my_folder/demo/maqao_c/demo/maqao_2025-02-20_12-10-27/shared/lprof_npsu_run_0;
dir;0;cqa_dir;/my_folder/demo/maqao_c/demo/maqao_2025-02-20_12-10-27/static_data/cqa;
dir;0;sources_dir;/my_folder/demo/maqao_c/demo/maqao_2025-02-20_12-10-27/static_data/sources;
dir;0;asm_dir;/my_folder/demo/maqao_c/demo/maqao_2025-02-20_12-10-27/static_data/asm;
dir;0;groups_dir;/my_folder/demo/maqao_c/demo/maqao_2025-02-20_12-10-27/static_data/groups;
dir;0;hierarchy_dir;/my_folder/demo/maqao_c/demo/maqao_2025-02-20_12-10-27/static_data/hierarchy;
file;0;global_metrics;/my_folder/demo/maqao_c/demo/maqao_2025-02-20_12-10-27/shared/run_0/global_metrics.csv;
file;0;categorization;/my_folder/demo/maqao_c/demo/maqao_2025-02-20_12-10-27/shared/run_0/lprof_categorization.csv;
dir;0;callchains_dir;/my_folder/demo/maqao_c/demo/maqao_2025-02-20_12-10-27/shared/lprof_npsu_run_0/callchains;
file;0;log;/my_folder/demo/maqao_c/demo/maqao_2025-02-20_12-10-27/logs/log.txt;
file;0;logs_subdir;/my_folder/demo/maqao_c/demo/maqao_2025-02-20_12-10-27/logs/run_0;
dir;0;env_dir;/my_folder/demo/maqao_c/demo/maqao_2025-02-20_12-10-27/shared/run_0;
file;0;material_config;/my_folder/demo/maqao_c/demo/maqao_2025-02-20_12-10-27/shared/run_0/material_config.csv;
file;0;tools_status;/my_folder/demo/maqao_c/demo/maqao_2025-02-20_12-10-27/shared/run_0/status.csv;
