function_id;module;function_name;source_info;inc_time_p;inc_time_s;inc_time_s_min;inc_time_s_avg;inc_time_s_max;inc_cov_deviation;inc_time_deviation;exc_time_p;exc_time_s;exc_time_s_min;exc_time_s_avg;exc_time_s_max;exc_cov_deviation;exc_time_deviation;nb_threads;cats;label_name;flops;
0;Unknown module;unknown_function;;33.333332061768;0.024999996647239;0;0;0;0;0;33.333332061768;0.024999996647239;0;0;0;0;0;;"0,0,0,0,0,0,0,0,0,100";Unknown function;;
395;libc.so.6;_IO_fwrite;;26.666664123535;0.01999999769032;0;0;0;0;0;26.666664123535;0.01999999769032;0;0;0;0;0;;"0,0,0,0,0,0,100,0,0,0";_IO_fwrite;;
-1;libc.so.6;unknown_function;;19.999998092651;0.014999997802079;0;0;0;0;0;0;0;0;0;0;0;0;;"0,0,0,0,0,0,0,0,0,100";Unknown function;;
537;libc.so.6;_IO_file_xsputn;;6.6666660308838;0.00499999942258;0;0;0;0;0;6.6666660308838;0.00499999942258;0;0;0;0;0;;"0,0,0,0,0,0,100,0,0,0";_IO_file_xsputn;;
218;libc.so.6;random_r;;6.6666660308838;0.00499999942258;0;0;0;0;0;6.6666660308838;0.00499999942258;0;0;0;0;0;;"0,0,0,0,0,0,0,0,0,100";random_r;;
214;libc.so.6;random;;6.6666660308838;0.00499999942258;0;0;0;0;0;6.6666660308838;0.00499999942258;0;0;0;0;0;;"0,0,0,0,0,0,0,0,0,100";random;;
