function_id;module;function_name;source_info;time_p;time_s;time_s_min;time_s_avg;time_s_max;cov_deviation;time_deviation;nb_threads;cats;label_name;flops;
0;Unknown module;unknown_function;;97.54;43.84;;;;;;;"0,0,0,0,0,0,0,0,0,100";Unknown function;;
214;libc.so.6;random;;1.56;0.7;;;;;;;"0,0,0,0,0,0,0,0,0,100";random;;
-1;libc.so.6;unknown_function;;0.51;0.23;;;;;;;"0,0,0,0,100,0,0,0,0,0";Unknown function;;
218;libc.so.6;random_r;;0.33;0.15;;;;;;;"0,0,0,0,0,0,0,0,0,100";random_r;;
209;libc.so.6;rand;;0.06;0.03;;;;;;;"0,0,0,0,0,0,0,0,0,100";rand;;
